{
    "train": {
        "loss": 0.09561371803283691,
        "accuracy": 0.961904764175415
    },
    "eval": {
        "loss": 0.022738952189683914,
        "accuracy": 1.0
    },
    "step": 29,
    "test_loss": 0.022738952189683914,
    "test_acc": 1.0
}
