{
    "train": {
        "loss": 0.2572363615036011,
        "accuracy": 0.9047619104385376
    },
    "eval": {
        "loss": 0.20851510763168335,
        "accuracy": 0.9111111164093018
    },
    "step": 29,
    "test_loss": 0.20851510763168335,
    "test_acc": 0.9111111164093018
}
