{
    "train": {
        "loss": 0.2231197953224182,
        "accuracy": 0.8952381014823914
    },
    "eval": {
        "loss": 0.19948212802410126,
        "accuracy": 0.9111111164093018
    },
    "step": 29,
    "test_loss": 0.19948212802410126,
    "test_acc": 0.9111111164093018
}
